n,authors,title,journal,year,wos_document_type,doi,global_citations,classification
8,"Tripathi, R; Kumar, P",Identification of CXCR4 inhibitory activity in natural compounds using cheminformatics-guided machine learning algorithms,INTEGRATIVE BIOLOGY,2025,Article,10.1093/intbio/zyaf004,0,AI or palliative care only tangential
16,"Mogan, C; Davies, N; Dening, KH; Lloyd-Williams, M",Innovative and best models of palliative and end-of-life care - with focus on rural and remote communities,CURRENT OPINION IN SUPPORTIVE AND PALLIATIVE CARE,2024,Article,10.1097/SPC.0000000000000735,0,not original empirical research
19,"Oh, O; Demiris, G; Ulrich, CM",The ethical dimensions of utilizing Artificial Intelligence in palliative care,NURSING ETHICS,2024,Article; Early Access,10.1177/09697330241296874,1,not original empirical research
22,"Kwon, DH; Trihy, L; Darvish, N; Hearst, E; Sumra, S; Borno, HT; Bose, R; Chou, J; de Kouchkovsky, I; Desai, A; Ekstrand, B; Friedlander, T; Kaur, G; Koshkin, VS; Nesheiwat, S; Sepucha, K; Small, EJ; Aggarwal, RR; Belkora, J",Patients Can Administer Mobile Audio Recordings to Increase Knowledge in Advanced Prostate Cancer,CANCER MEDICINE,2024,Article,10.1002/cam4.70433,0,AI or palliative care only tangential
23,"Taubert, M; Hackett, R; Tavabie, S",Artificial intelligence and large language models in palliative medicine clinical practice and education,BMJ SUPPORTIVE & PALLIATIVE CARE,2025,Article,10.1136/spcare-2024-005217,0,not original empirical research
24,"Mohapatra, S; Roy, A",Analysing weighted disease symptoms to recommend an expert through an integrated healthcare model,DISCOVER PUBLIC HEALTH,2024,Article,10.1186/s12982-024-00261-3,0,AI or palliative care only tangential
28,"Kalluri, M",Palliative care in advanced pulmonary fibrosis,CURRENT OPINION IN PULMONARY MEDICINE,2024,Article,10.1097/MCP.0000000000001093,0,not original empirical research
34,"Strechen, I; Wilson, P; Eltalhi, T; Piche, K; Tschida-Reuter, D; Howard, D; Sutor, B; Tiong, I; Herasevich, S; Pickering, B; Barwise, A",Harnessing health information technology to promote equitable care for patients with limited English proficiency and complex care needs,TRIALS,2024,Article,10.1186/s13063-024-08254-y,1,not original empirical research
42,"Olver, IN",Ethics of artificial intelligence in supportive care in cancer,MEDICAL JOURNAL OF AUSTRALIA,2024,Article,10.5694/mja2.52297,0,not original empirical research
46,"Miladinia, M; Zarea, K; Gheibizadeh, M; Jahangiri, M; Karimpourian, H; Rokhafroz, D","A multiphase study protocol of identifying, and predicting cancer-related symptom clusters: applying a mixed-method design and machine learning algorithms",FRONTIERS IN DIGITAL HEALTH,2024,Article,10.3389/fdgth.2024.1290689,0,not original empirical research
47,"Cascella, M; Laudani, A; Scarpati, G; Piazza, O",Ethical issues in pain and palliation,CURRENT OPINION IN ANESTHESIOLOGY,2024,Article,10.1097/ACO.0000000000001345,2,not original empirical research
49,"Bhandarkar, A; Naik, P; Vakkund, K; Junjappanavar, S; Bakare, S; Pattar, S","Deep learning based computer aided diagnosis of Alzheimer's disease: a snapshot of last 5 years, gaps, and future directions",ARTIFICIAL INTELLIGENCE REVIEW,2024,Article,10.1007/s10462-023-10644-8,4,not original empirical research
50,"Ghoshal, A",Enhancing Hospitalized Patients' Palliative Care Referrals via Machine Learning-Based Predictive Modeling within Electronic Health Record Systems,INDIAN JOURNAL OF MEDICAL AND PAEDIATRIC ONCOLOGY,2024,Article,10.1055/s-0043-1776357,0,not original empirical research
51,"Schenker, Y; Abdullah, S; Arnold, R; Schmitz, KH","Conversational Agents in Palliative Care: Potential Benefits, Risks, and Next Steps",JOURNAL OF PALLIATIVE MEDICINE,2024,Article,10.1089/jpm.2023.0534,1,not original empirical research
53,"Bozkurt, S; Fereydoon, S; Kar, I; Chalmers, CD; Leslie, SL; Pathak, R; Walling, A; Lindvall, C; Lorenz, K; Quest, T; Giannitrapani, K; Kavalieratos, D",Investigating Data Diversity and Model Robustness of AI Applications in Palliative Care and Hospice: Protocol for Scoping Review,JMIR RESEARCH PROTOCOLS,2024,Article,10.2196/56353,0,not original empirical research
54,"Jayanti, S; Rangan, GK",Advances in Human-Centered Care to Address Contemporary Unmet Needs in Chronic Dialysis,INTERNATIONAL JOURNAL OF NEPHROLOGY AND RENOVASCULAR DISEASE,2024,Article,10.2147/IJNRD.S387598,1,not original empirical research
57,"Dong, XY; Chen, GL; Zhu, YP; Ma, BY; Ban, XJ; Wu, N; Ming, Y",Artificial intelligence in skeletal metastasis imaging,COMPUTATIONAL AND STRUCTURAL BIOTECHNOLOGY JOURNAL,2024,Article,10.1016/j.csbj.2023.11.007,6,not original empirical research
59,"Burry, N; Nakagawa, S; Blinderman, CD",You Are Not Alone: The Allure and Limitations of Artificial Intelligence in Serious Illness Communication,JOURNAL OF PALLIATIVE MEDICINE,2024,Article,10.1089/jpm.2023.0471,3,not original empirical research
63,"Haimovich, AD; Shah, MN; Southerland, LT; Hwang, U; Patterson, BW",Automating risk stratification for geriatric syndromes in the emergency department,JOURNAL OF THE AMERICAN GERIATRICS SOCIETY,2024,Article,10.1111/jgs.18594,6,not original empirical research
67,"Sharma, V; Joon, T; Kulkarni, V; Samanani, S; Simpson, SH; Voaklander, D; Eurich, D",Predicting 30-day risk from benzodiazepine/Z-drug dispensations in older adults using administrative data: A prognostic machine learning approach,INTERNATIONAL JOURNAL OF MEDICAL INFORMATICS,2023,Article,10.1016/j.ijmedinf.2023.105177,1,AI or palliative care only tangential
71,"Grimminger, S; Heckel, M; Markgraf, M; Peuten, S; Wöhl, M; Gimpel, H; Klein, C; Ostgathe, C; Steigleder, T; Schneider, W",Palliative care as a digital working world (PALLADiUM) - A mixed-method research protocol,BMC PALLIATIVE CARE,2023,Article,10.1186/s12904-023-01173-w,4,not original empirical research
78,"Reddy, V; Nafees, A; Raman, S",Recent advances in artificial intelligence applications for supportive and palliative care in cancer patients,CURRENT OPINION IN SUPPORTIVE AND PALLIATIVE CARE,2023,Article,10.1097/SPC.0000000000000645,9,not original empirical research
80,"Sanders, JJ; Blanch-Hartigan, D; Ericson, J; Tarbi, E; Rizzo, D; Gramling, R; van Vliet, L",Methodological innovations to strengthen evidence-based serious illness communication,PATIENT EDUCATION AND COUNSELING,2023,Article,10.1016/j.pec.2023.107790,4,not original empirical research
86,"Heinzen, EP; Wilson, PM; Storlie, CB; Demuth, GO; Asai, SW; Schaeferle, GM; Bartley, MM; Havyer, RD",Impact of a machine learning algorithm on time to palliative care in a primary care population: protocol for a stepped-wedge pragmatic randomized trial,BMC PALLIATIVE CARE,2023,Article,10.1186/s12904-022-01113-0,1,not original empirical research
92,"Chan, HY; Richards, B",When Will Death Be? Legal Considerations and Regulatory Safeguards in Predictive Modelling Applications for End-of-Life Care,JOURNAL OF LAW AND MEDICINE,2023,Article,,0,not original empirical research
94,"Persson, I; Grünwald, A; Morvan, L; Becedas, D; Arlbrandt, M",A Machine Learning Algorithm Predicting Acute Kidney Injury in Intensive Care Unit Patients (NAVOY Acute Kidney Injury): Proof-of-Concept Study,JMIR FORMATIVE RESEARCH,2023,Article,10.2196/45979,1,AI or palliative care only tangential
95,"Chavda, VP; Patel, K; Patel, S; Apostolopoulos, V",Artificial Intelligence and Machine Learning in Healthcare Sector,BIOINFORMATICS TOOLS FOR PHARMACEUTICAL DRUG PRODUCT DEVELOPMENT,2023,Article; Book Chapter,,4,not original empirical research
129,"De Panfilis, L; Peruselli, C; Tanzi, S; Botrugno, C",AI-based clinical decision-making systems in palliative medicine: ethical challenges,BMJ SUPPORTIVE & PALLIATIVE CARE,2023,Article,10.1136/bmjspcare-2021-002948,13,not original empirical research
138,"Maurer, LR; Sakran, JV; Kaafarani, HM",Predicting and Communicating Geriatric Trauma Outcomes,CURRENT TRAUMA REPORTS,2021,Article,10.1007/s40719-020-00209-3,1,not original empirical research
151,"Manz, CR; Parikh, RB; Evans, CN; Chivers, C; Regli, SH; Bekelman, JE; Small, D; Rareshide, CAL; O'Connor, N; Schuchter, LM; Shulman, LN; Patel, MS",Integrating machine-generated mortality estimates and behavioral nudges to promote serious illness conversations for cancer patients: Design and methods for a stepped-wedge cluster randomized controlled trial,CONTEMPORARY CLINICAL TRIALS,2020,Article,10.1016/j.cct.2020.105951,8,not original empirical research
